-- --------------------------------------------------------

--
-- Estructura de tabla para la tabla EQUIPO
--

CREATE TABLE EQUIPO (
  ID_EQUIPO NUMBER NOT NULL,
  NOMBRE VARCHAR2(30) NOT NULL,
  CIUDAD VARCHAR2(40) NOT NULL,
  PAGINA_WEB VARCHAR2(50),
  PUNTOS NUMBER NOT NULL,
  CONSTRAINT PK_EQUIPO PRIMARY KEY (ID_EQUIPO)
);

COMMENT ON TABLE EQUIPO IS 'Datos de los equipos de baloncesto de la liga ACB';
COMMENT ON COLUMN EQUIPO.ID_EQUIPO IS 'Identificador del equipo de baloncesto';
COMMENT ON COLUMN EQUIPO.NOMBRE IS 'Nombre del equipo de baloncesto';
COMMENT ON COLUMN EQUIPO.CIUDAD IS 'Ciudad el equipo de baloncesto';
COMMENT ON COLUMN EQUIPO.PAGINA_WEB IS 'Pagina web del equipo de baloncesto';
COMMENT ON COLUMN EQUIPO.PUNTOS IS 'Puntos que lleva el equipo de baloncesto en la liga';

--
-- Volcado de datos para la tabla EQUIPO
--
INSERT INTO EQUIPO (ID_EQUIPO, NOMBRE, CIUDAD, PAGINA_WEB, PUNTOS) 
VALUES (1, 'VALENCIA BASKET CLUB', 'Valencia', 'http://www.valenciabasket.com/', 16);
INSERT INTO EQUIPO (ID_EQUIPO, NOMBRE, CIUDAD, PAGINA_WEB, PUNTOS) 
VALUES (2, 'Universidad Católica', 'Murcia', 'http://www.ucamdeportes.com/ucamcb/', 7);
INSERT INTO EQUIPO (ID_EQUIPO, NOMBRE, CIUDAD, PAGINA_WEB, PUNTOS) 
VALUES (3, 'Movistar Estudianes', 'Madrid', 'http://www.clubestudiantes.com/', 3);
INSERT INTO EQUIPO (ID_EQUIPO, NOMBRE, CIUDAD, PAGINA_WEB, PUNTOS) 
VALUES (4, 'Unicaja', 'Malaga', 'www.unicajabaloncesto.com', 8);
INSERT INTO EQUIPO (ID_EQUIPO, NOMBRE, CIUDAD, PAGINA_WEB, PUNTOS) 
VALUES (6, 'RIO NATURA MONBUS OB', 'Santiago de Compostela', 'http://www.obradoirocab.com/webobra/index.php/es/', 6);
INSERT INTO EQUIPO (ID_EQUIPO, NOMBRE, CIUDAD, PAGINA_WEB, PUNTOS) 
VALUES (7,'Saski-Baskonia', 'Vitoria', 'http://www.baskonia.com/', 13);
INSERT INTO EQUIPO (ID_EQUIPO, NOMBRE, CIUDAD, PAGINA_WEB, PUNTOS) 
VALUES (8,'Iberostar Tenerife', 'Tenerife', 'http://www.cbcanarias.net/front', 6);
INSERT INTO EQUIPO (ID_EQUIPO, NOMBRE, CIUDAD, PAGINA_WEB, PUNTOS) 
VALUES (9,'FIATC JOVENTUT', 'Badalona', 'penya.com', 12);
INSERT INTO EQUIPO (ID_EQUIPO, NOMBRE, CIUDAD, PAGINA_WEB, PUNTOS) 
VALUES (10,'Real Madrid', 'Madrid', 'realmadrid.com/baloncesto', 18);
INSERT INTO EQUIPO (ID_EQUIPO, NOMBRE, CIUDAD, PAGINA_WEB, PUNTOS) 
VALUES (11,'FC Barcelona Lassa', 'Barcelona', 'http://www.fcbarcelona.es/baloncesto/', 15);
INSERT INTO EQUIPO (ID_EQUIPO, NOMBRE, CIUDAD, PAGINA_WEB, PUNTOS) 
VALUES (12,'Baloncesto Sevilla', 'Sevilla', 'http://www.baloncestosevilla.com/', 5);
INSERT INTO EQUIPO (ID_EQUIPO, NOMBRE, CIUDAD, PAGINA_WEB, PUNTOS) 
VALUES (13,'Herbalife Gran Canar', 'Las Palmas de Gran C', 'http://cbgrancanaria.net/', 9);

COMMIT;
-- --------------------------------------------------------

--
-- Estructura de tabla para la tabla JUGADOR
--

CREATE TABLE JUGADOR (
  ID_JUGADOR NUMBER NOT NULL,
  NOMBRE VARCHAR2(20) NOT NULL,
  APELLIDOS VARCHAR2(30) NOT NULL,
  POSICION VARCHAR2(10) NOT NULL,
  ALTURA NUMBER(3,2) NOT NULL,
  PESO NUMBER NOT NULL,
  SALARIO NUMBER,
  FECHA_NACIMIENTO DATE ,
  NUMERO_CAMISETA NUMBER NOT NULL,
  ID_EQUIPO NUMBER NOT NULL,
  CONSTRAINT PK_JUGADOR PRIMARY KEY (ID_JUGADOR),
  CONSTRAINT FK_JUGADOR_ID_EQUIPO FOREIGN KEY (ID_EQUIPO) REFERENCES EQUIPO(ID_EQUIPO)
);

COMMENT ON TABLE JUGADOR IS 'Datos de los jugadores que pertenecen a un equipo';
COMMENT ON COLUMN JUGADOR.ID_JUGADOR IS 'Identificador del jugador';
COMMENT ON COLUMN JUGADOR.NOMBRE IS 'Nombre del jugador';
COMMENT ON COLUMN JUGADOR.APELLIDOS IS 'Apellidos del jugador';
COMMENT ON COLUMN JUGADOR.POSICION IS 'Posicion que ocupa el jugador en la pista';
COMMENT ON COLUMN JUGADOR.ALTURA IS 'Altura del jugador';
COMMENT ON COLUMN JUGADOR.PESO IS 'Peso del jugador';
COMMENT ON COLUMN JUGADOR.SALARIO IS 'Salario del jugador';
COMMENT ON COLUMN JUGADOR.FECHA_NACIMIENTO IS 'Fecha de nacimiento del jugador';
COMMENT ON COLUMN JUGADOR.NUMERO_CAMISETA IS 'Numero que tiene el jugador en la camiseta';
COMMENT ON COLUMN JUGADOR.ID_EQUIPO IS 'Equipo al que pertenece el jugador';


--
-- Volcado de datos para la tabla JUGADOR

--
INSERT INTO JUGADOR (id_JUGADOR, NOMBRE, APELLIDOS, POSICION, ALTURA, PESO, SALARIO, FECHA_NACIMIENTO, NUMERO_CAMISETA, ID_EQUIPO) VALUES (1, 'Justin', 'Doellman', 'F', 2.04, 95, 500000, '03/02/1985', 5, 11);
INSERT INTO JUGADOR (id_JUGADOR, NOMBRE, APELLIDOS, POSICION, ALTURA, PESO, SALARIO, FECHA_NACIMIENTO, NUMERO_CAMISETA, ID_EQUIPO) VALUES (2, 'Demond', 'Mallet', 'B', 1.82, 88, NULL, '22/02/1978', 0, 9);
INSERT INTO JUGADOR (id_JUGADOR, NOMBRE, APELLIDOS, POSICION, ALTURA, PESO, SALARIO, FECHA_NACIMIENTO, NUMERO_CAMISETA, ID_EQUIPO) VALUES (3, 'Jaime', 'Fernandez', 'B', 1.86, 90, 50000, '04/06/1993', 6, 3);
INSERT INTO JUGADOR (id_JUGADOR, NOMBRE, APELLIDOS, POSICION, ALTURA, PESO, SALARIO, FECHA_NACIMIENTO, NUMERO_CAMISETA, ID_EQUIPO) VALUES (5, 'Alfonso', 'Sanchez', 'E', 1.94, 100, 50000, '14/02/1987', 5, 12);
INSERT INTO JUGADOR (id_JUGADOR, NOMBRE, APELLIDOS, POSICION, ALTURA, PESO, SALARIO, FECHA_NACIMIENTO, NUMERO_CAMISETA, ID_EQUIPO) VALUES (6, 'KC', 'Rivers', 'A', 1.96, 100, 1000000, '01/03/1987', 3, 10);
INSERT INTO JUGADOR (id_JUGADOR, NOMBRE, APELLIDOS, POSICION, ALTURA, PESO, SALARIO, FECHA_NACIMIENTO, NUMERO_CAMISETA, ID_EQUIPO) VALUES (8, 'Kevin', 'Pangos', 'Base', 1.85, 87, 200000, '04/01/2016', 12, 13);
INSERT INTO JUGADOR (id_JUGADOR, NOMBRE, APELLIDOS, POSICION, ALTURA, PESO, SALARIO, FECHA_NACIMIENTO, NUMERO_CAMISETA, ID_EQUIPO) VALUES (10, 'Pau', 'Ribas', 'E', 1.96, 99, 250000, '02/03/1987', 8, 11);
INSERT INTO JUGADOR (id_JUGADOR, NOMBRE, APELLIDOS, POSICION, ALTURA, PESO, SALARIO, FECHA_NACIMIENTO, NUMERO_CAMISETA, ID_EQUIPO) VALUES (11, 'Rodrigo', 'San Miguel', 'B', 1.86, 83, 250000, '21/01/1985', 0, 8);
INSERT INTO JUGADOR (id_JUGADOR, NOMBRE, APELLIDOS, POSICION, ALTURA, PESO, SALARIO, FECHA_NACIMIENTO, NUMERO_CAMISETA, ID_EQUIPO) VALUES (12, 'Nicolás', ' Richotti', 'E', 1.83, 80, 245000, '17/10/1986', 5, 8);
INSERT INTO JUGADOR (id_JUGADOR, NOMBRE, APELLIDOS, POSICION, ALTURA, PESO, SALARIO, FECHA_NACIMIENTO, NUMERO_CAMISETA, ID_EQUIPO) VALUES (13, 'Alberto', 'Martin', 'B', 1.80, 78, 5000, '28/03/1995', 5, 2);
INSERT INTO JUGADOR (id_JUGADOR, NOMBRE, APELLIDOS, POSICION, ALTURA, PESO, SALARIO, FECHA_NACIMIENTO, NUMERO_CAMISETA, ID_EQUIPO) VALUES (14, 'Shane', 'Lawal', 'P', 2.08, 101, 110000, '08/10/1995', 9, 11);
INSERT INTO JUGADOR (id_JUGADOR, NOMBRE, APELLIDOS, POSICION, ALTURA, PESO, SALARIO, FECHA_NACIMIENTO, NUMERO_CAMISETA, ID_EQUIPO) VALUES (16, 'Alber', 'Oliver', 'B', 1.87, 90, 200000, '06/04/1978', 16, 13);
INSERT INTO JUGADOR (id_JUGADOR, NOMBRE, APELLIDOS, POSICION, ALTURA, PESO, SALARIO, FECHA_NACIMIENTO, NUMERO_CAMISETA, ID_EQUIPO) VALUES (28, 'Sitapha', 'Savané', 'P', 2.01, 100, 200000, '20/08/1978', 22, 13);
INSERT INTO JUGADOR (id_JUGADOR, NOMBRE, APELLIDOS, POSICION, ALTURA, PESO, SALARIO, FECHA_NACIMIENTO, NUMERO_CAMISETA, ID_EQUIPO) VALUES (29, 'Brad', 'Newley', 'A', 1.99, 96, 200000, '18/02/1985', 20, 13);
INSERT INTO JUGADOR (id_JUGADOR, NOMBRE, APELLIDOS, POSICION, ALTURA, PESO, SALARIO, FECHA_NACIMIENTO, NUMERO_CAMISETA, ID_EQUIPO) VALUES (30, 'Sasu', 'Salin', 'E', 1.90, 98, 200000, '11/06/1991', 22, 13);
INSERT INTO JUGADOR (id_JUGADOR, NOMBRE, APELLIDOS, POSICION, ALTURA, PESO, SALARIO, FECHA_NACIMIENTO, NUMERO_CAMISETA, ID_EQUIPO) VALUES (31, 'Álex', 'Abrines', 'A', 1.98, 103, 75000, '01/08/1993', 10, 11);
INSERT INTO JUGADOR (id_JUGADOR, NOMBRE, APELLIDOS, POSICION, ALTURA, PESO, SALARIO, FECHA_NACIMIENTO, NUMERO_CAMISETA, ID_EQUIPO) VALUES (32, 'Juan Carlos', 'Navarro', 'E', 1.92, 82, 390000, '13/06/1980', 11, 11);
INSERT INTO JUGADOR (id_JUGADOR, NOMBRE, APELLIDOS, POSICION, ALTURA, PESO, SALARIO, FECHA_NACIMIENTO, NUMERO_CAMISETA, ID_EQUIPO) VALUES (33, 'Tomas', 'Satoransky', 'B', 2.01, 95, 199000, '30/10/1991', 13, 11);
INSERT INTO JUGADOR (id_JUGADOR, NOMBRE, APELLIDOS, POSICION, ALTURA, PESO, SALARIO, FECHA_NACIMIENTO, NUMERO_CAMISETA, ID_EQUIPO) VALUES (34, 'DJ', 'Seeley', 'E', 1.93, 90, 400000, '28/11/1989', 9, 13);
INSERT INTO JUGADOR (id_JUGADOR, NOMBRE, APELLIDOS, POSICION, ALTURA, PESO, SALARIO, FECHA_NACIMIENTO, NUMERO_CAMISETA, ID_EQUIPO) VALUES (46, 'Tyler', 'Haws', 'E', 1.95, 90, 200000, '19/12/2019', 2, 6);
INSERT INTO JUGADOR (id_JUGADOR, NOMBRE, APELLIDOS, POSICION, ALTURA, PESO, SALARIO, FECHA_NACIMIENTO, NUMERO_CAMISETA, ID_EQUIPO) VALUES (47, 'Donnie', 'McGrath', 'B', 1.93, 100, 100000, '07/06/2019', 7, 6);
INSERT INTO JUGADOR (id_JUGADOR, NOMBRE, APELLIDOS, POSICION, ALTURA, PESO, SALARIO, FECHA_NACIMIENTO, NUMERO_CAMISETA, ID_EQUIPO) VALUES (48, 'Juan José', 'Triguero', 'P', 2.08, 113, 50000, '23/12/2019', 8, 6);
INSERT INTO JUGADOR (id_JUGADOR, NOMBRE, APELLIDOS, POSICION, ALTURA, PESO, SALARIO, FECHA_NACIMIENTO, NUMERO_CAMISETA, ID_EQUIPO) VALUES (49, 'Alec', 'Brown', 'P', 2.16, 107, 20000, '23/07/2019', 10, 6);
INSERT INTO JUGADOR (id_JUGADOR, NOMBRE, APELLIDOS, POSICION, ALTURA, PESO, SALARIO, FECHA_NACIMIENTO, NUMERO_CAMISETA, ID_EQUIPO) VALUES (50, 'Artem', 'Pustovyi', 'P', 2.16, 101, 30000, '25/06/2019', 13, 6);
INSERT INTO JUGADOR (id_JUGADOR, NOMBRE, APELLIDOS, POSICION, ALTURA, PESO, SALARIO, FECHA_NACIMIENTO, NUMERO_CAMISETA, ID_EQUIPO) VALUES (51, 'Santiago ', 'Yusta', 'A', 1.99, 95, 10000, '28/04/2019', 16, 6);
INSERT INTO JUGADOR (id_JUGADOR, NOMBRE, APELLIDOS, POSICION, ALTURA, PESO, SALARIO, FECHA_NACIMIENTO, NUMERO_CAMISETA, ID_EQUIPO) VALUES (52, 'Adam ', 'Waczynski', 'A', 1.99, 97, 70000, '15/10/2019', 21, 6);
INSERT INTO JUGADOR (id_JUGADOR, NOMBRE, APELLIDOS, POSICION, ALTURA, PESO, SALARIO, FECHA_NACIMIENTO, NUMERO_CAMISETA, ID_EQUIPO) VALUES (53, 'Eimantas', 'Bendzius', 'A', 2.03, 120, 80000, '23/04/2019', 22, 6);
INSERT INTO JUGADOR (id_JUGADOR, NOMBRE, APELLIDOS, POSICION, ALTURA, PESO, SALARIO, FECHA_NACIMIENTO, NUMERO_CAMISETA, ID_EQUIPO) VALUES (54, 'Fran', 'Cárdenas', 'A', 1.77, 80, 20000, '03/10/2019', 24, 6);
INSERT INTO JUGADOR (id_JUGADOR, NOMBRE, APELLIDOS, POSICION, ALTURA, PESO, SALARIO, FECHA_NACIMIENTO, NUMERO_CAMISETA, ID_EQUIPO) VALUES (55, 'Pepe ', 'Pozas', 'B', 1.83, 91, 60000, '14/05/2019', 44, 6);
INSERT INTO JUGADOR (id_JUGADOR, NOMBRE, APELLIDOS, POSICION, ALTURA, PESO, SALARIO, FECHA_NACIMIENTO, NUMERO_CAMISETA, ID_EQUIPO) VALUES (56, 'Jesús  ', 'Chagoyen', 'P', 2.02, 118, 5000, '21/09/2019', 45, 6);
INSERT INTO JUGADOR (id_JUGADOR, NOMBRE, APELLIDOS, POSICION, ALTURA, PESO, SALARIO, FECHA_NACIMIENTO, NUMERO_CAMISETA, ID_EQUIPO) VALUES (57, 'Eulis', 'Báez', 'F', 2.01, 89, 500000, '11/02/1982', 25, 13);
INSERT INTO JUGADOR (id_JUGADOR, NOMBRE, APELLIDOS, POSICION, ALTURA, PESO, SALARIO, FECHA_NACIMIENTO, NUMERO_CAMISETA, ID_EQUIPO) VALUES (59, 'Oriol', 'Paulí', 'E', 2.01, 95, 500000, '20/05/1994', 22, 13);
INSERT INTO JUGADOR (id_JUGADOR, NOMBRE, APELLIDOS, POSICION, ALTURA, PESO, SALARIO, FECHA_NACIMIENTO, NUMERO_CAMISETA, ID_EQUIPO) VALUES (60, 'Samuels', 'Samardo ', 'P', 2.06, 99, 11000, '09/01/1989', 23, 11);
INSERT INTO JUGADOR (id_JUGADOR, NOMBRE, APELLIDOS, POSICION, ALTURA, PESO, SALARIO, FECHA_NACIMIENTO, NUMERO_CAMISETA, ID_EQUIPO) VALUES (61, 'Marcus', 'Eriksson', 'A', 2.01, 88, 490000, '05/12/1993', 20, 11);
INSERT INTO JUGADOR (id_JUGADOR, NOMBRE, APELLIDOS, POSICION, ALTURA, PESO, SALARIO, FECHA_NACIMIENTO, NUMERO_CAMISETA, ID_EQUIPO) VALUES (62, 'Brad', 'Oleson', 'E', 1.89, 100, 239000, '04/11/1983', 24, 11);
INSERT INTO JUGADOR (id_JUGADOR, NOMBRE, APELLIDOS, POSICION, ALTURA, PESO, SALARIO, FECHA_NACIMIENTO, NUMERO_CAMISETA, ID_EQUIPO) VALUES (63, 'Xavi', 'Rabaseda', 'A', 1.96, 93, 800000, '24/02/1989', 23, 13);
INSERT INTO JUGADOR (id_JUGADOR, NOMBRE, APELLIDOS, POSICION, ALTURA, PESO, SALARIO, FECHA_NACIMIENTO, NUMERO_CAMISETA, ID_EQUIPO) VALUES (64, 'Alen', 'Omic', 'P', 2.16, 96, 800000, '06/05/1992', 27, 13);
INSERT INTO JUGADOR (id_JUGADOR, NOMBRE, APELLIDOS, POSICION, ALTURA, PESO, SALARIO, FECHA_NACIMIENTO, NUMERO_CAMISETA, ID_EQUIPO) VALUES (65, 'Edgar', 'Vicedo', 'A', 2.03, 92, 49000, '24/08/1994', 4, 3);
INSERT INTO JUGADOR (id_JUGADOR, NOMBRE, APELLIDOS, POSICION, ALTURA, PESO, SALARIO, FECHA_NACIMIENTO, NUMERO_CAMISETA, ID_EQUIPO) VALUES (66, 'Nico', 'Laprovittola', 'B', 1.90, 89, 43000, '31/01/1990', 5, 3);
INSERT INTO JUGADOR (id_JUGADOR, NOMBRE, APELLIDOS, POSICION, ALTURA, PESO, SALARIO, FECHA_NACIMIENTO, NUMERO_CAMISETA, ID_EQUIPO) VALUES (67, 'Nacho', 'Martin', 'F', 2.05, 112, 39999, '22/04/1983', 7, 3);
INSERT INTO JUGADOR (id_JUGADOR, NOMBRE, APELLIDOS, POSICION, ALTURA, PESO, SALARIO, FECHA_NACIMIENTO, NUMERO_CAMISETA, ID_EQUIPO) VALUES (68, 'Brandon', 'Thomas', 'A', 2.00, 100, 53000, '17/08/1984', 8, 3);
INSERT INTO JUGADOR (id_JUGADOR, NOMBRE, APELLIDOS, POSICION, ALTURA, PESO, SALARIO, FECHA_NACIMIENTO, NUMERO_CAMISETA, ID_EQUIPO) VALUES (69, 'Javier', 'Salgado', 'B', 1.83, 93, 51200, '06/08/1980', 9, 3);
INSERT INTO JUGADOR (id_JUGADOR, NOMBRE, APELLIDOS, POSICION, ALTURA, PESO, SALARIO, FECHA_NACIMIENTO, NUMERO_CAMISETA, ID_EQUIPO) VALUES (70, 'Darío', 'Brizuela', 'E', 1.88, 97, 48000, '08/11/1994', 10, 3);
INSERT INTO JUGADOR (id_JUGADOR, NOMBRE, APELLIDOS, POSICION, ALTURA, PESO, SALARIO, FECHA_NACIMIENTO, NUMERO_CAMISETA, ID_EQUIPO) VALUES (71, 'Fran', 'Guerra', 'P', 2.14, 117, 37000, '23/12/1992', 11, 3);
INSERT INTO JUGADOR (id_JUGADOR, NOMBRE, APELLIDOS, POSICION, ALTURA, PESO, SALARIO, FECHA_NACIMIENTO, NUMERO_CAMISETA, ID_EQUIPO) VALUES (72, 'Juancho', 'Hernangómez', 'A', 2.06, 102, 36600, '28/09/1995', 12, 3);
INSERT INTO JUGADOR (id_JUGADOR, NOMBRE, APELLIDOS, POSICION, ALTURA, PESO, SALARIO, FECHA_NACIMIENTO, NUMERO_CAMISETA, ID_EQUIPO) VALUES (73, 'Xavi', 'Rey', 'P', 2.10, 111, 49500, '13/07/1987', 13, 3);
INSERT INTO JUGADOR (id_JUGADOR, NOMBRE, APELLIDOS, POSICION, ALTURA, PESO, SALARIO, FECHA_NACIMIENTO, NUMERO_CAMISETA, ID_EQUIPO) VALUES (74, 'Pablo', 'Aguilar', 'F', 2.02, 100, 800000, '09/02/1989', 17, 13);
INSERT INTO JUGADOR (id_JUGADOR, NOMBRE, APELLIDOS, POSICION, ALTURA, PESO, SALARIO, FECHA_NACIMIENTO, NUMERO_CAMISETA, ID_EQUIPO) VALUES (75, 'Jon', 'Stefansson', 'E', 1.92, 99, 120000, '21/09/1982', 1, 1);
INSERT INTO JUGADOR (id_JUGADOR, NOMBRE, APELLIDOS, POSICION, ALTURA, PESO, SALARIO, FECHA_NACIMIENTO, NUMERO_CAMISETA, ID_EQUIPO) VALUES (76, 'Jordi', 'Trias', 'F', 2.06, 101, 110000, '05/11/1980', 4, 1);
INSERT INTO JUGADOR (id_JUGADOR, NOMBRE, APELLIDOS, POSICION, ALTURA, PESO, SALARIO, FECHA_NACIMIENTO, NUMERO_CAMISETA, ID_EQUIPO) VALUES (77, 'Antoine', 'Diot', 'B', 1.93, 95, 100000, '17/01/1989', 8, 1);
INSERT INTO JUGADOR (id_JUGADOR, NOMBRE, APELLIDOS, POSICION, ALTURA, PESO, SALARIO, FECHA_NACIMIENTO, NUMERO_CAMISETA, ID_EQUIPO) VALUES (78, 'Romain', 'Sato', 'A', 1.95, 102, 150000, '02/03/1981', 10, 1);
INSERT INTO JUGADOR (id_JUGADOR, NOMBRE, APELLIDOS, POSICION, ALTURA, PESO, SALARIO, FECHA_NACIMIENTO, NUMERO_CAMISETA, ID_EQUIPO) VALUES (79, 'Vladimir', 'Lucic', 'A', 2.02, 104, 123000, '17/06/1989', 13, 1);
INSERT INTO JUGADOR (id_JUGADOR, NOMBRE, APELLIDOS, POSICION, ALTURA, PESO, SALARIO, FECHA_NACIMIENTO, NUMERO_CAMISETA, ID_EQUIPO) VALUES (80, 'Bojan', 'Dubljevic', 'P', 2.05, 114, 126000, '24/10/1991', 14, 1);
INSERT INTO JUGADOR (id_JUGADOR, NOMBRE, APELLIDOS, POSICION, ALTURA, PESO, SALARIO, FECHA_NACIMIENTO, NUMERO_CAMISETA, ID_EQUIPO) VALUES (81, 'Guillem', 'Vives', 'B', 1.92, 104, 113000, '16/06/1993', 16, 1);
INSERT INTO JUGADOR (id_JUGADOR, NOMBRE, APELLIDOS, POSICION, ALTURA, PESO, SALARIO, FECHA_NACIMIENTO, NUMERO_CAMISETA, ID_EQUIPO) VALUES (82, 'Rafa', 'Lucic', 'E', 2.04, 99, 120000, '03/03/1982', 17, 1);
INSERT INTO JUGADOR (id_JUGADOR, NOMBRE, APELLIDOS, POSICION, ALTURA, PESO, SALARIO, FECHA_NACIMIENTO, NUMERO_CAMISETA, ID_EQUIPO) VALUES (83, 'Fernando', 'San Emeterio', 'A', 1.99, 104, 123000, '01/01/1984', 19, 1);
INSERT INTO JUGADOR (id_JUGADOR, NOMBRE, APELLIDOS, POSICION, ALTURA, PESO, SALARIO, FECHA_NACIMIENTO, NUMERO_CAMISETA, ID_EQUIPO) VALUES (84, 'John', 'Shurna', 'F', 2.02, 104, 123000, '30/04/1990', 24, 1);
INSERT INTO JUGADOR (id_JUGADOR, NOMBRE, APELLIDOS, POSICION, ALTURA, PESO, SALARIO, FECHA_NACIMIENTO, NUMERO_CAMISETA, ID_EQUIPO) VALUES (85, 'Justin', 'Hamilton', 'P', 2.13, 109, 99000, '01/04/1990', 41, 1);
INSERT INTO JUGADOR (id_JUGADOR, NOMBRE, APELLIDOS, POSICION, ALTURA, PESO, SALARIO, FECHA_NACIMIENTO, NUMERO_CAMISETA, ID_EQUIPO) VALUES (86, 'Lucas ', 'Sikma', 'F', 2.03, 112, 88000, '30/07/1989', 43, 1);
INSERT INTO JUGADOR (id_JUGADOR, NOMBRE, APELLIDOS, POSICION, ALTURA, PESO, SALARIO, FECHA_NACIMIENTO, NUMERO_CAMISETA, ID_EQUIPO) VALUES (87, 'Carlos', 'Arroyo', 'B', 1.88, 94, 91000, '09/03/1979', 30, 11);
INSERT INTO JUGADOR (id_JUGADOR, NOMBRE, APELLIDOS, POSICION, ALTURA, PESO, SALARIO, FECHA_NACIMIENTO, NUMERO_CAMISETA, ID_EQUIPO) VALUES (88, 'Stratos', 'Perperoglou', 'A', 2.03, 98, 90000, '07/08/1984', 33, 11);
INSERT INTO JUGADOR (id_JUGADOR, NOMBRE, APELLIDOS, POSICION, ALTURA, PESO, SALARIO, FECHA_NACIMIENTO, NUMERO_CAMISETA, ID_EQUIPO) VALUES (89, 'Ante', 'Tomic', 'P', 2.17, 110, 438000, '17/11/1987', 44, 11);
INSERT INTO JUGADOR (id_JUGADOR, NOMBRE, APELLIDOS, POSICION, ALTURA, PESO, SALARIO, FECHA_NACIMIENTO, NUMERO_CAMISETA, ID_EQUIPO) VALUES (90, 'Ovidijus', 'Galdikas', 'P', 2.17, 110, 800000, '04/09/1988', 31, 13);
INSERT INTO JUGADOR (id_JUGADOR, NOMBRE, APELLIDOS, POSICION, ALTURA, PESO, SALARIO, FECHA_NACIMIENTO, NUMERO_CAMISETA, ID_EQUIPO) VALUES (91, 'Mike', 'Perry James', 'B', 1.85, 90, 200000, '18/08/1990', 3, 7);
INSERT INTO JUGADOR (id_JUGADOR, NOMBRE, APELLIDOS, POSICION, ALTURA, PESO, SALARIO, FECHA_NACIMIENTO, NUMERO_CAMISETA, ID_EQUIPO) VALUES (92, 'Mamadou', 'Diop Gaye', 'F', 2.06, 100, 250000, '14/02/1993', 4, 7);
INSERT INTO JUGADOR (id_JUGADOR, NOMBRE, APELLIDOS, POSICION, ALTURA, PESO, SALARIO, FECHA_NACIMIENTO, NUMERO_CAMISETA, ID_EQUIPO) VALUES (93, 'Fabien', 'Causeur', 'E', 1.95, 85, 120000, '16/06/1987', 5, 7);
INSERT INTO JUGADOR (id_JUGADOR, NOMBRE, APELLIDOS, POSICION, ALTURA, PESO, SALARIO, FECHA_NACIMIENTO, NUMERO_CAMISETA, ID_EQUIPO) VALUES (94, 'Darko', 'Planinic', 'P', 2.11, 110, 270000, '22/11/1990', 6, 7);
INSERT INTO JUGADOR (id_JUGADOR, NOMBRE, APELLIDOS, POSICION, ALTURA, PESO, SALARIO, FECHA_NACIMIENTO, NUMERO_CAMISETA, ID_EQUIPO) VALUES (95, 'Tornike', 'Shengelia', 'F', 2.08, 120, 150000, '05/10/1991', 7, 7);
INSERT INTO JUGADOR (id_JUGADOR, NOMBRE, APELLIDOS, POSICION, ALTURA, PESO, SALARIO, FECHA_NACIMIENTO, NUMERO_CAMISETA, ID_EQUIPO) VALUES (96, 'Adam', 'Hanga ', 'A', 1.99, 90, 350000, '12/04/1989', 8, 7);
INSERT INTO JUGADOR (id_JUGADOR, NOMBRE, APELLIDOS, POSICION, ALTURA, PESO, SALARIO, FECHA_NACIMIENTO, NUMERO_CAMISETA, ID_EQUIPO) VALUES (97, 'Ioannis', 'Bourousis', 'P', 2.10, 111, 150000, '17/11/1983', 9, 7);
INSERT INTO JUGADOR (id_JUGADOR, NOMBRE, APELLIDOS, POSICION, ALTURA, PESO, SALARIO, FECHA_NACIMIENTO, NUMERO_CAMISETA, ID_EQUIPO) VALUES (98, 'Jaka', 'Blazic', 'A', 1.96, 94, 100000, '30/06/1990', 11, 7);
INSERT INTO JUGADOR (id_JUGADOR, NOMBRE, APELLIDOS, POSICION, ALTURA, PESO, SALARIO, FECHA_NACIMIENTO, NUMERO_CAMISETA, ID_EQUIPO) VALUES (99, 'Ilimane', 'Diop Gaye', 'P', 2.10, 106, 50000, '04/04/1995', 12, 7);
INSERT INTO JUGADOR (id_JUGADOR, NOMBRE, APELLIDOS, POSICION, ALTURA, PESO, SALARIO, FECHA_NACIMIENTO, NUMERO_CAMISETA, ID_EQUIPO) VALUES (100, 'Kim', 'Tillie', 'P', 2.11, 101, 75000, '15/07/1988', 14, 7);
INSERT INTO JUGADOR (id_JUGADOR, NOMBRE, APELLIDOS, POSICION, ALTURA, PESO, SALARIO, FECHA_NACIMIENTO, NUMERO_CAMISETA, ID_EQUIPO) VALUES (101, 'Darius', 'Anthony Adams', 'B', 1.86, 86, 350000, '17/04/1989', 20, 7);
INSERT INTO JUGADOR (id_JUGADOR, NOMBRE, APELLIDOS, POSICION, ALTURA, PESO, SALARIO, FECHA_NACIMIENTO, NUMERO_CAMISETA, ID_EQUIPO) VALUES (102, 'Alberto', 'Corbacho De la Cruz', 'A', 2.10, 100, 110002, '01/10/1984', 33, 7);
INSERT INTO JUGADOR (id_JUGADOR, NOMBRE, APELLIDOS, POSICION, ALTURA, PESO, SALARIO, FECHA_NACIMIENTO, NUMERO_CAMISETA, ID_EQUIPO) VALUES (103, 'Maurice', 'Ndour', 'F', 2.06, 120, 800000, '18/06/1992', 4, 10);
INSERT INTO JUGADOR (id_JUGADOR, NOMBRE, APELLIDOS, POSICION, ALTURA, PESO, SALARIO, FECHA_NACIMIENTO, NUMERO_CAMISETA, ID_EQUIPO) VALUES (104, 'Rudy', 'Fernández', 'A', 1.96, 90, 3000000, '04/04/1985', 5, 10);
INSERT INTO JUGADOR (id_JUGADOR, NOMBRE, APELLIDOS, POSICION, ALTURA, PESO, SALARIO, FECHA_NACIMIENTO, NUMERO_CAMISETA, ID_EQUIPO) VALUES (105, 'Andrés', 'Nocioni', 'F', 2.03, 100, 1000000, '30/11/1979', 6, 10);
INSERT INTO JUGADOR (id_JUGADOR, NOMBRE, APELLIDOS, POSICION, ALTURA, PESO, SALARIO, FECHA_NACIMIENTO, NUMERO_CAMISETA, ID_EQUIPO) VALUES (106, 'Jonas', 'Maciulis', 'A', 1.98, 107, 900000, '10/02/1985', 8, 10);
INSERT INTO JUGADOR (id_JUGADOR, NOMBRE, APELLIDOS, POSICION, ALTURA, PESO, SALARIO, FECHA_NACIMIENTO, NUMERO_CAMISETA, ID_EQUIPO) VALUES (107, 'Felipe', 'Reyes', 'F', 2.03, 109, 1000000, '16/03/1980', 9, 10);
INSERT INTO JUGADOR (id_JUGADOR, NOMBRE, APELLIDOS, POSICION, ALTURA, PESO, SALARIO, FECHA_NACIMIENTO, NUMERO_CAMISETA, ID_EQUIPO) VALUES (108, 'Sergio', 'Rodríguez', 'B', 1.91, 80, 3000000, '12/06/1986', 13, 10);
INSERT INTO JUGADOR (id_JUGADOR, NOMBRE, APELLIDOS, POSICION, ALTURA, PESO, SALARIO, FECHA_NACIMIENTO, NUMERO_CAMISETA, ID_EQUIPO) VALUES (109, 'Gustavo', 'Ayón', 'F', 2.07, 115, 15000000, '01/04/1985', 14, 10);
INSERT INTO JUGADOR (id_JUGADOR, NOMBRE, APELLIDOS, POSICION, ALTURA, PESO, SALARIO, FECHA_NACIMIENTO, NUMERO_CAMISETA, ID_EQUIPO) VALUES (110, 'Jaycee', 'Carroll', 'E', 1.88, 84, 1000000, '16/04/1983', 20, 10);
INSERT INTO JUGADOR (id_JUGADOR, NOMBRE, APELLIDOS, POSICION, ALTURA, PESO, SALARIO, FECHA_NACIMIENTO, NUMERO_CAMISETA, ID_EQUIPO) VALUES (111, 'Sergio', 'Llull', 'B', 1.90, 95, 4000000, '15/11/1987', 23, 10);
INSERT INTO JUGADOR (id_JUGADOR, NOMBRE, APELLIDOS, POSICION, ALTURA, PESO, SALARIO, FECHA_NACIMIENTO, NUMERO_CAMISETA, ID_EQUIPO) VALUES (112, 'Willy', 'Hernangómez', 'F', 2.10, 110, 750000, '27/05/1994', 41, 10);
INSERT INTO JUGADOR (id_JUGADOR, NOMBRE, APELLIDOS, POSICION, ALTURA, PESO, SALARIO, FECHA_NACIMIENTO, NUMERO_CAMISETA, ID_EQUIPO) VALUES (113, 'Jeffery', 'Taylor', 'A', 2.01, 98, 1500000, '23/03/1989', 44, 10);
INSERT INTO JUGADOR (id_JUGADOR, NOMBRE, APELLIDOS, POSICION, ALTURA, PESO, SALARIO, FECHA_NACIMIENTO, NUMERO_CAMISETA, ID_EQUIPO) VALUES (114, 'Luka', 'Doncic', 'B', 1.98, 95, 500000, '28/02/1999', 7, 10);
INSERT INTO JUGADOR (id_JUGADOR, NOMBRE, APELLIDOS, POSICION, ALTURA, PESO, SALARIO, FECHA_NACIMIENTO, NUMERO_CAMISETA, ID_EQUIPO) VALUES (115, 'Bostjan ', 'Nachbar', 'F', 2.05, 103, 60000, '03/07/1980', 7, 12);
INSERT INTO JUGADOR (id_JUGADOR, NOMBRE, APELLIDOS, POSICION, ALTURA, PESO, SALARIO, FECHA_NACIMIENTO, NUMERO_CAMISETA, ID_EQUIPO) VALUES (116, 'Tomeu', 'Rigo', 'E', 1.89, 90, 70000, '05/05/1997', 10, 12);
INSERT INTO JUGADOR (id_JUGADOR, NOMBRE, APELLIDOS, POSICION, ALTURA, PESO, SALARIO, FECHA_NACIMIENTO, NUMERO_CAMISETA, ID_EQUIPO) VALUES (117, 'Jermaine', 'Anderson', 'B', 1.88, 85, 80000, '08/02/1983', 11, 12);
INSERT INTO JUGADOR (id_JUGADOR, NOMBRE, APELLIDOS, POSICION, ALTURA, PESO, SALARIO, FECHA_NACIMIENTO, NUMERO_CAMISETA, ID_EQUIPO) VALUES (118, 'Ondrej', 'Balvin', 'P', 2.17, 108, 90000, '20/09/1992', 12, 12);
INSERT INTO JUGADOR (id_JUGADOR, NOMBRE, APELLIDOS, POSICION, ALTURA, PESO, SALARIO, FECHA_NACIMIENTO, NUMERO_CAMISETA, ID_EQUIPO) VALUES (119, 'Nenad', 'Miljenovic', 'B', 1.94, 85, 85000, '07/04/1993', 13, 12);
INSERT INTO JUGADOR (id_JUGADOR, NOMBRE, APELLIDOS, POSICION, ALTURA, PESO, SALARIO, FECHA_NACIMIENTO, NUMERO_CAMISETA, ID_EQUIPO) VALUES (120, 'Emanuel', 'Cate', 'P', 2.04, 105, 75000, '30/07/1997', 15, 12);
INSERT INTO JUGADOR (id_JUGADOR, NOMBRE, APELLIDOS, POSICION, ALTURA, PESO, SALARIO, FECHA_NACIMIENTO, NUMERO_CAMISETA, ID_EQUIPO) VALUES (121, 'Pierre', 'Oriola', 'F', 2.06, 110, 65000, '25/09/1992', 18, 12);
INSERT INTO JUGADOR (id_JUGADOR, NOMBRE, APELLIDOS, POSICION, ALTURA, PESO, SALARIO, FECHA_NACIMIENTO, NUMERO_CAMISETA, ID_EQUIPO) VALUES (122, 'Scott', 'Bamforth', 'E', 1.88, 95, 55000, '12/08/1989', 22, 12);
INSERT INTO JUGADOR (id_JUGADOR, NOMBRE, APELLIDOS, POSICION, ALTURA, PESO, SALARIO, FECHA_NACIMIENTO, NUMERO_CAMISETA, ID_EQUIPO) VALUES (123, 'LaDontae', 'Henton', 'A', 1.98, 110, 58000, '06/01/1992', 23, 12);
INSERT INTO JUGADOR (id_JUGADOR, NOMBRE, APELLIDOS, POSICION, ALTURA, PESO, SALARIO, FECHA_NACIMIENTO, NUMERO_CAMISETA, ID_EQUIPO) VALUES (124, 'Bernardo ', 'Rodríguez', 'E', 1.97, 92, 77000, '07/06/1980', 41, 12);
INSERT INTO JUGADOR (id_JUGADOR, NOMBRE, APELLIDOS, POSICION, ALTURA, PESO, SALARIO, FECHA_NACIMIENTO, NUMERO_CAMISETA, ID_EQUIPO) VALUES (125, 'Uros', 'Slokar', 'P', 2.10, 110, 88000, '14/05/1983', 55, 12);
INSERT INTO JUGADOR (id_JUGADOR, NOMBRE, APELLIDOS, POSICION, ALTURA, PESO, SALARIO, FECHA_NACIMIENTO, NUMERO_CAMISETA, ID_EQUIPO) VALUES (126, 'José Angel', 'Antelo', 'F', 2.07, 102, 15000, '07/05/1987', 6, 2);
INSERT INTO JUGADOR (id_JUGADOR, NOMBRE, APELLIDOS, POSICION, ALTURA, PESO, SALARIO, FECHA_NACIMIENTO, NUMERO_CAMISETA, ID_EQUIPO) VALUES (127, 'Facundo', 'Campazzo', 'B', 1.79, 80, 5000, '23/03/1991', 7, 2);
INSERT INTO JUGADOR (id_JUGADOR, NOMBRE, APELLIDOS, POSICION, ALTURA, PESO, SALARIO, FECHA_NACIMIENTO, NUMERO_CAMISETA, ID_EQUIPO) VALUES (128, 'Vitor', 'Benite', 'E', 1.91, 90, 15000, '20/02/1990', 8, 2);
INSERT INTO JUGADOR (id_JUGADOR, NOMBRE, APELLIDOS, POSICION, ALTURA, PESO, SALARIO, FECHA_NACIMIENTO, NUMERO_CAMISETA, ID_EQUIPO) VALUES (129, 'Carlos', 'Cabezas', 'B', 1.86, 88, 5000, '14/11/1980', 10, 2);
INSERT INTO JUGADOR (id_JUGADOR, NOMBRE, APELLIDOS, POSICION, ALTURA, PESO, SALARIO, FECHA_NACIMIENTO, NUMERO_CAMISETA, ID_EQUIPO) VALUES (130, 'Nemanja', 'Rodovic', 'F', 2.08, 100, 15000, '11/01/1991', 11, 2);
INSERT INTO JUGADOR (id_JUGADOR, NOMBRE, APELLIDOS, POSICION, ALTURA, PESO, SALARIO, FECHA_NACIMIENTO, NUMERO_CAMISETA, ID_EQUIPO) VALUES (131, 'Vitor', 'Faverani', 'P', 2.10, 118, 5000, '05/05/1988', 13, 2);
INSERT INTO JUGADOR (id_JUGADOR, NOMBRE, APELLIDOS, POSICION, ALTURA, PESO, SALARIO, FECHA_NACIMIENTO, NUMERO_CAMISETA, ID_EQUIPO) VALUES (132, 'Scott', 'Wood', 'E', 1.98, 98, 5000, '21/06/1990', 15, 2);
INSERT INTO JUGADOR (id_JUGADOR, NOMBRE, APELLIDOS, POSICION, ALTURA, PESO, SALARIO, FECHA_NACIMIENTO, NUMERO_CAMISETA, ID_EQUIPO) VALUES (133, 'Thomas', 'Kelati', 'A', 1.95, 90, 15000, '27/09/1982', 22, 2);
INSERT INTO JUGADOR (id_JUGADOR, NOMBRE, APELLIDOS, POSICION, ALTURA, PESO, SALARIO, FECHA_NACIMIENTO, NUMERO_CAMISETA, ID_EQUIPO) VALUES (134, 'Augusto', 'Lima', 'P', 2.08, 104, 5000, '17/09/1991', 23, 2);
INSERT INTO JUGADOR (id_JUGADOR, NOMBRE, APELLIDOS, POSICION, ALTURA, PESO, SALARIO, FECHA_NACIMIENTO, NUMERO_CAMISETA, ID_EQUIPO) VALUES (135, 'Sadiel', 'Rojas', 'A', 1.93, 86, 15000, '16/07/1989', 27, 2);
INSERT INTO JUGADOR (id_JUGADOR, NOMBRE, APELLIDOS, POSICION, ALTURA, PESO, SALARIO, FECHA_NACIMIENTO, NUMERO_CAMISETA, ID_EQUIPO) VALUES (136, 'Víctor', 'Arteaga', 'p', 2.13, 100, 5000, '07/07/1992', 35, 2);
INSERT INTO JUGADOR (id_JUGADOR, NOMBRE, APELLIDOS, POSICION, ALTURA, PESO, SALARIO, FECHA_NACIMIENTO, NUMERO_CAMISETA, ID_EQUIPO) VALUES (137, 'Sergi', 'Vidal', 'E', 1.98, 89, 1800, '09/04/1981', 6, 9);
INSERT INTO JUGADOR (id_JUGADOR, NOMBRE, APELLIDOS, POSICION, ALTURA, PESO, SALARIO, FECHA_NACIMIENTO, NUMERO_CAMISETA, ID_EQUIPO) VALUES (138, 'Sergi', 'Vidal', 'E', 1.98, 89, 1800, '09/04/1981', 6, 9);
INSERT INTO JUGADOR (id_JUGADOR, NOMBRE, APELLIDOS, POSICION, ALTURA, PESO, SALARIO, FECHA_NACIMIENTO, NUMERO_CAMISETA, ID_EQUIPO) VALUES (139, 'Blagota', 'Sekulic', 'P', 2.10, 83, 250000, '14/03/1982', 9, 8);
INSERT INTO JUGADOR (id_JUGADOR, NOMBRE, APELLIDOS, POSICION, ALTURA, PESO, SALARIO, FECHA_NACIMIENTO, NUMERO_CAMISETA, ID_EQUIPO) VALUES (140, 'Will', 'Hanley', 'F', 2.01, 102, 265000, '12/03/1990', 11, 8);
INSERT INTO JUGADOR (id_JUGADOR, NOMBRE, APELLIDOS, POSICION, ALTURA, PESO, SALARIO, FECHA_NACIMIENTO, NUMERO_CAMISETA, ID_EQUIPO) VALUES (141, 'Salva', 'Arco', 'E', 1.96, 94, 223000, '25/10/1984', 14, 8);
INSERT INTO JUGADOR (id_JUGADOR, NOMBRE, APELLIDOS, POSICION, ALTURA, PESO, SALARIO, FECHA_NACIMIENTO, NUMERO_CAMISETA, ID_EQUIPO) VALUES (142, 'Ian', 'O''Leary', 'F', 2.01, 105, 263000, '20/10/1986', 17, 8);
INSERT INTO JUGADOR (id_JUGADOR, NOMBRE, APELLIDOS, POSICION, ALTURA, PESO, SALARIO, FECHA_NACIMIENTO, NUMERO_CAMISETA, ID_EQUIPO) VALUES (143, 'Saúl', 'Blanco', 'A', 1.96, 98, 259000, '16/05/1985', 21, 8);
INSERT INTO JUGADOR (id_JUGADOR, NOMBRE, APELLIDOS, POSICION, ALTURA, PESO, SALARIO, FECHA_NACIMIENTO, NUMERO_CAMISETA, ID_EQUIPO) VALUES (144, 'Tim', 'Abromaitis', 'A', 2.03, 103, 254000, '17/09/1989', 22, 8);
INSERT INTO JUGADOR (id_JUGADOR, NOMBRE, APELLIDOS, POSICION, ALTURA, PESO, SALARIO, FECHA_NACIMIENTO, NUMERO_CAMISETA, ID_EQUIPO) VALUES (145, 'Joseph', 'Jones', 'P', 2.04, 107, 209000, '21/03/1986', 24, 8);
INSERT INTO JUGADOR (id_JUGADOR, NOMBRE, APELLIDOS, POSICION, ALTURA, PESO, SALARIO, FECHA_NACIMIENTO, NUMERO_CAMISETA, ID_EQUIPO) VALUES (146, 'Javier', 'Beirán', 'A', 2.00, 100, 233000, '22/05/1987', 33, 8);
INSERT INTO JUGADOR (id_JUGADOR, NOMBRE, APELLIDOS, POSICION, ALTURA, PESO, SALARIO, FECHA_NACIMIENTO, NUMERO_CAMISETA, ID_EQUIPO) VALUES (147, 'Davin', 'White', 'B', 1.85, 83, 253000, '31/12/1981', 34, 8);
INSERT INTO JUGADOR (id_JUGADOR, NOMBRE, APELLIDOS, POSICION, ALTURA, PESO, SALARIO, FECHA_NACIMIENTO, NUMERO_CAMISETA, ID_EQUIPO) VALUES (148, 'Valter', 'Lindstrom', 'E', 1.81, 80, 247000, '04/02/1995', 4, 8);
INSERT INTO JUGADOR (id_JUGADOR, NOMBRE, APELLIDOS, POSICION, ALTURA, PESO, SALARIO, FECHA_NACIMIENTO, NUMERO_CAMISETA, ID_EQUIPO) VALUES (149, 'Mamadou', 'Niang', 'P', 2.09, 108, 283000, '01/01/1994', 7, 8);
INSERT INTO JUGADOR (id_JUGADOR, NOMBRE, APELLIDOS, POSICION, ALTURA, PESO, SALARIO, FECHA_NACIMIENTO, NUMERO_CAMISETA, ID_EQUIPO) VALUES (150, 'Adnan', 'Omeragic', 'A', 2.00, 98, 237000, '19/08/1996', 14, 8);
INSERT INTO JUGADOR (id_JUGADOR, NOMBRE, APELLIDOS, POSICION, ALTURA, PESO, SALARIO, FECHA_NACIMIENTO, NUMERO_CAMISETA, ID_EQUIPO) VALUES (151, 'Stefan', 'Bircevic', 'F', 2.11, 99, 51000, '13/12/1989', 14, 3);
INSERT INTO JUGADOR (id_JUGADOR, NOMBRE, APELLIDOS, POSICION, ALTURA, PESO, SALARIO, FECHA_NACIMIENTO, NUMERO_CAMISETA, ID_EQUIPO) VALUES (152, 'Albert', 'Sabat', 'B', 1.82, 85, 1750, '23/08/1985', 3, 9);
INSERT INTO JUGADOR (id_JUGADOR, NOMBRE, APELLIDOS, POSICION, ALTURA, PESO, SALARIO, FECHA_NACIMIENTO, NUMERO_CAMISETA, ID_EQUIPO) VALUES (153, 'Ignacio', 'Llovet', 'P', 2.01, 102, 2900, '09/05/1991', 9, 9);
INSERT INTO JUGADOR (id_JUGADOR, NOMBRE, APELLIDOS, POSICION, ALTURA, PESO, SALARIO, FECHA_NACIMIENTO, NUMERO_CAMISETA, ID_EQUIPO) VALUES (154, 'Albert', 'Miralles', 'P', 2.03, 108, 2100, '14/05/1979', 11, 9);
INSERT INTO JUGADOR (id_JUGADOR, NOMBRE, APELLIDOS, POSICION, ALTURA, PESO, SALARIO, FECHA_NACIMIENTO, NUMERO_CAMISETA, ID_EQUIPO) VALUES (155, 'Goran', 'suton', 'P', 2.08, 108, 3200, '11/08/1985', 19, 9);
INSERT INTO JUGADOR (id_JUGADOR, NOMBRE, APELLIDOS, POSICION, ALTURA, PESO, SALARIO, FECHA_NACIMIENTO, NUMERO_CAMISETA, ID_EQUIPO) VALUES (156, 'Albert', 'Ventura', 'E', 1.92, 91, 1500, '07/04/1978', 14, 9);
INSERT INTO JUGADOR (id_JUGADOR, NOMBRE, APELLIDOS, POSICION, ALTURA, PESO, SALARIO, FECHA_NACIMIENTO, NUMERO_CAMISETA, ID_EQUIPO) VALUES (157, 'Alberto', 'Abalde', 'E', 2.00, 98, 1100, '15/12/1995', 44, 9);
INSERT INTO JUGADOR (id_JUGADOR, NOMBRE, APELLIDOS, POSICION, ALTURA, PESO, SALARIO, FECHA_NACIMIENTO, NUMERO_CAMISETA, ID_EQUIPO) VALUES (158, 'Ousmane', 'Drame', 'P', 2.06, 102, 2100, '15/12/1993', 15, 9);
INSERT INTO JUGADOR (id_JUGADOR, NOMBRE, APELLIDOS, POSICION, ALTURA, PESO, SALARIO, FECHA_NACIMIENTO, NUMERO_CAMISETA, ID_EQUIPO) VALUES (159, 'Brandon', 'Paul', 'E', 1.93, 95, 2500, '30/04/1991', 31, 9);
INSERT INTO JUGADOR (id_JUGADOR, NOMBRE, APELLIDOS, POSICION, ALTURA, PESO, SALARIO, FECHA_NACIMIENTO, NUMERO_CAMISETA, ID_EQUIPO) VALUES (160, 'Alberto', 'Diaz', 'B', 1.88, 80, 2000, '06/05/1994', 1, 4);
INSERT INTO JUGADOR (id_JUGADOR, NOMBRE, APELLIDOS, POSICION, ALTURA, PESO, SALARIO, FECHA_NACIMIENTO, NUMERO_CAMISETA, ID_EQUIPO) VALUES (161, 'Richard', 'Hendrix', 'P', 2.04, 81, 2800, '07/05/1990', 4, 4);
INSERT INTO JUGADOR (id_JUGADOR, NOMBRE, APELLIDOS, POSICION, ALTURA, PESO, SALARIO, FECHA_NACIMIENTO, NUMERO_CAMISETA, ID_EQUIPO) VALUES (162, 'Will', 'Thomas', 'F', 2.03, 83, 2000, '10/07/1993', 7, 4);
INSERT INTO JUGADOR (id_JUGADOR, NOMBRE, APELLIDOS, POSICION, ALTURA, PESO, SALARIO, FECHA_NACIMIENTO, NUMERO_CAMISETA, ID_EQUIPO) VALUES (163, 'Daniel', 'Diez', 'A', 2.01, 87, 2600, '07/09/1980', 10, 4);
INSERT INTO JUGADOR (id_JUGADOR, NOMBRE, APELLIDOS, POSICION, ALTURA, PESO, SALARIO, FECHA_NACIMIENTO, NUMERO_CAMISETA, ID_EQUIPO) VALUES (164, 'Carlos', 'Suarez', 'F', 2.03, 93, 2200, '11/10/1989', 11, 4);
INSERT INTO JUGADOR (id_JUGADOR, NOMBRE, APELLIDOS, POSICION, ALTURA, PESO, SALARIO, FECHA_NACIMIENTO, NUMERO_CAMISETA, ID_EQUIPO) VALUES (165, 'Jamar', 'Smith', 'E', 1.91, 90, 3000, '06/06/1988', 12, 4);
INSERT INTO JUGADOR (id_JUGADOR, NOMBRE, APELLIDOS, POSICION, ALTURA, PESO, SALARIO, FECHA_NACIMIENTO, NUMERO_CAMISETA, ID_EQUIPO) VALUES (166, 'Nemanja', 'Nedovic', 'B', 1.91, 79, 4000, '20/03/1987', 16, 4);
INSERT INTO JUGADOR (id_JUGADOR, NOMBRE, APELLIDOS, POSICION, ALTURA, PESO, SALARIO, FECHA_NACIMIENTO, NUMERO_CAMISETA, ID_EQUIPO) VALUES (167, 'Vázquez', 'Fran', 'P', 2.09, 95, 2400, '21/07/1990', 17, 4);
INSERT INTO JUGADOR (id_JUGADOR, NOMBRE, APELLIDOS, POSICION, ALTURA, PESO, SALARIO, FECHA_NACIMIENTO, NUMERO_CAMISETA, ID_EQUIPO) VALUES (168, 'M.', 'kUZMINSKAS', 'A', 2.05, 97, 2300, '30/07/1991', 19, 4);
INSERT INTO JUGADOR (id_JUGADOR, NOMBRE, APELLIDOS, POSICION, ALTURA, PESO, SALARIO, FECHA_NACIMIENTO, NUMERO_CAMISETA, ID_EQUIPO) VALUES (169, 'Nelson', 'DeMarcus', 'B', 1.93, 80, 2500, '01/05/1993', 20, 4);
INSERT INTO JUGADOR (id_JUGADOR, NOMBRE, APELLIDOS, POSICION, ALTURA, PESO, SALARIO, FECHA_NACIMIENTO, NUMERO_CAMISETA, ID_EQUIPO) VALUES (170, 'Cooley', 'Jack', 'F', 2.06, 98, 3000, '01/01/1994', 45, 4);



COMMIT;
-- --------------------------------------------------------

--
-- Estructura de tabla para la tabla ARBITRO
--

CREATE TABLE ARBITRO (
  ID_ARBITRO NUMBER NOT NULL,
  NOMBRE varchar2(20) NOT NULL,
  APELLIDOS varchar2(30) NOT NULL,
  CONSTRAINT PK_ARBITRO PRIMARY KEY (ID_ARBITRO)
);

COMMENT ON TABLE ARBITRO IS 'Datos de los arbitros';
COMMENT ON COLUMN ARBITRO.ID_ARBITRO IS 'Identificador del arbitro';
COMMENT ON COLUMN ARBITRO.NOMBRE IS 'Nombre del arbitro';
COMMENT ON COLUMN ARBITRO.APELLIDOS IS 'Apellidos del arbitro';

--
-- Volcado de datos para la tabla ARBITRO
--

INSERT INTO ARBITRO (ID_ARBITRO, NOMBRE, APELLIDOS) VALUES (14, 'Manuel', 'Cordente');
INSERT INTO ARBITRO (ID_ARBITRO, NOMBRE, APELLIDOS) VALUES (15, 'Victor', 'Balbín');
INSERT INTO ARBITRO (ID_ARBITRO, NOMBRE, APELLIDOS) VALUES (16, 'Angel', 'Caballero');
INSERT INTO ARBITRO (ID_ARBITRO, NOMBRE, APELLIDOS) VALUES (17, 'Jesús', 'Buenasmañanas');
INSERT INTO ARBITRO (ID_ARBITRO, NOMBRE, APELLIDOS) VALUES (18, 'Edgar', 'Navarro');
INSERT INTO ARBITRO (ID_ARBITRO, NOMBRE, APELLIDOS) VALUES (19, 'Sergio', 'García');
INSERT INTO ARBITRO (ID_ARBITRO, NOMBRE, APELLIDOS) VALUES (20, 'Javier', 'Cencerrado');
INSERT INTO ARBITRO (ID_ARBITRO, NOMBRE, APELLIDOS) VALUES (21, 'David', 'Lozano');
INSERT INTO ARBITRO (ID_ARBITRO, NOMBRE, APELLIDOS) VALUES (22, 'Juan Carlos', 'Maeso');
INSERT INTO ARBITRO (ID_ARBITRO, NOMBRE, APELLIDOS) VALUES (23, 'Jesús', 'Romero');
INSERT INTO ARBITRO (ID_ARBITRO, NOMBRE, APELLIDOS) VALUES (24, 'Cristian', 'Arévalo');
INSERT INTO ARBITRO (ID_ARBITRO, NOMBRE, APELLIDOS) VALUES (25, 'Jesus', 'López Jiménez');
INSERT INTO ARBITRO (ID_ARBITRO, NOMBRE, APELLIDOS) VALUES (26, 'Raul', 'Cañizares');

COMMIT;
-- --------------------------------------------------------

--
-- Estructura de tabla para la tabla JUEGO
--

CREATE TABLE JUEGO (
  ID_JUEGO NUMBER NOT NULL,
  ID_EQUIPO_LOCAL NUMBER NOT NULL,
  ID_EQUIPO_FUERA NUMBER NOT NULL,
  ID_ARBITRO NUMBER NOT NULL,
  PUNTOS_EQUIPO_LOCAL NUMBER,
  PUNTOS_EQUIPO_FUERA NUMBER,
  FECHA_JUEGO DATE NOT NULL,
  CONSTRAINT PK_JUEGO PRIMARY KEY (ID_JUEGO),
  CONSTRAINT FK_JUEGO_ID_EQUIPO_LOCAL FOREIGN KEY (ID_EQUIPO_LOCAL) REFERENCES EQUIPO(ID_EQUIPO),
  CONSTRAINT FK_JUEGO_ID_EQUIPO_FUERA FOREIGN KEY (ID_EQUIPO_FUERA) REFERENCES EQUIPO(ID_EQUIPO),
  CONSTRAINT FK_JUEGO_ID_ARBITRO FOREIGN KEY (ID_ARBITRO) REFERENCES ARBITRO(ID_ARBITRO)
);

COMMENT ON TABLE JUEGO IS 'Datos de los partidos jugados por los equipos';
COMMENT ON COLUMN JUEGO.ID_JUEGO IS 'Identificador del Juego';
COMMENT ON COLUMN JUEGO.ID_EQUIPO_LOCAL IS 'Identificador del Equipo local';
COMMENT ON COLUMN JUEGO.ID_EQUIPO_FUERA IS 'Identificador del Equipo de fuera';
COMMENT ON COLUMN JUEGO.ID_ARBITRO IS 'Identificador del arbitro';
COMMENT ON COLUMN JUEGO.PUNTOS_EQUIPO_LOCAL IS 'Puntos del equipo local en este juego';
COMMENT ON COLUMN JUEGO.PUNTOS_EQUIPO_FUERA IS 'Puntos del equipo de fuera en este juego';
COMMENT ON COLUMN JUEGO.FECHA_JUEGO IS 'Fecha del Juego';

--
-- Volcado de datos para la tabla JUEGO
--

INSERT INTO JUEGO (id_JUEGO, ID_EQUIPO_LOCAL, ID_EQUIPO_FUERA, ID_ARBITRO, PUNTOS_EQUIPO_LOCAL, PUNTOS_EQUIPO_FUERA, FECHA_JUEGO) VALUES (7, 9, 8, 14, 83, 75, '10/10/2015');
INSERT INTO JUEGO (id_JUEGO, ID_EQUIPO_LOCAL, ID_EQUIPO_FUERA, ID_ARBITRO, PUNTOS_EQUIPO_LOCAL, PUNTOS_EQUIPO_FUERA, FECHA_JUEGO) VALUES (9, 2, 4, 15, 58, 60, '11/10/2015');
INSERT INTO JUEGO (id_JUEGO, ID_EQUIPO_LOCAL, ID_EQUIPO_FUERA, ID_ARBITRO, PUNTOS_EQUIPO_LOCAL, PUNTOS_EQUIPO_FUERA, FECHA_JUEGO) VALUES (10, 2, 11, 15, 74, 82, '25/10/2015');
INSERT INTO JUEGO (id_JUEGO, ID_EQUIPO_LOCAL, ID_EQUIPO_FUERA, ID_ARBITRO, PUNTOS_EQUIPO_LOCAL, PUNTOS_EQUIPO_FUERA, FECHA_JUEGO) VALUES (11, 2, 13, 15, 71, 75, '20/12/2015');
INSERT INTO JUEGO (id_JUEGO, ID_EQUIPO_LOCAL, ID_EQUIPO_FUERA, ID_ARBITRO, PUNTOS_EQUIPO_LOCAL, PUNTOS_EQUIPO_FUERA, FECHA_JUEGO) VALUES (12, 2, 6, 15, 87, 83, '27/10/2015');
INSERT INTO JUEGO (id_JUEGO, ID_EQUIPO_LOCAL, ID_EQUIPO_FUERA, ID_ARBITRO, PUNTOS_EQUIPO_LOCAL, PUNTOS_EQUIPO_FUERA, FECHA_JUEGO) VALUES (13, 2, 3, 15, 83, 70, '17/01/2016');
INSERT INTO JUEGO (id_JUEGO, ID_EQUIPO_LOCAL, ID_EQUIPO_FUERA, ID_ARBITRO, PUNTOS_EQUIPO_LOCAL, PUNTOS_EQUIPO_FUERA, FECHA_JUEGO) VALUES (14, 11, 3, 23, 89, 67, '15/12/2015');
INSERT INTO JUEGO (id_JUEGO, ID_EQUIPO_LOCAL, ID_EQUIPO_FUERA, ID_ARBITRO, PUNTOS_EQUIPO_LOCAL, PUNTOS_EQUIPO_FUERA, FECHA_JUEGO) VALUES (15, 11, 9, 18, 83, 74, '20/12/2015');
INSERT INTO JUEGO (id_JUEGO, ID_EQUIPO_LOCAL, ID_EQUIPO_FUERA, ID_ARBITRO, PUNTOS_EQUIPO_LOCAL, PUNTOS_EQUIPO_FUERA, FECHA_JUEGO) VALUES (16, 9, 10, 15, 69, 79, '22/11/2015');
INSERT INTO JUEGO (id_JUEGO, ID_EQUIPO_LOCAL, ID_EQUIPO_FUERA, ID_ARBITRO, PUNTOS_EQUIPO_LOCAL, PUNTOS_EQUIPO_FUERA, FECHA_JUEGO) VALUES (17, 13, 12, 15, 76, 67, '25/10/2015');
INSERT INTO JUEGO (id_JUEGO, ID_EQUIPO_LOCAL, ID_EQUIPO_FUERA, ID_ARBITRO, PUNTOS_EQUIPO_LOCAL, PUNTOS_EQUIPO_FUERA, FECHA_JUEGO) VALUES (23, 9, 4, 16, 84, 90, '06/12/2015');
INSERT INTO JUEGO (id_JUEGO, ID_EQUIPO_LOCAL, ID_EQUIPO_FUERA, ID_ARBITRO, PUNTOS_EQUIPO_LOCAL, PUNTOS_EQUIPO_FUERA, FECHA_JUEGO) VALUES (24, 4, 6, 14, 73, 65, '10/01/2016');
INSERT INTO JUEGO (id_JUEGO, ID_EQUIPO_LOCAL, ID_EQUIPO_FUERA, ID_ARBITRO, PUNTOS_EQUIPO_LOCAL, PUNTOS_EQUIPO_FUERA, FECHA_JUEGO) VALUES (25, 4, 11, 18, 77, 91, '13/12/2015');
INSERT INTO JUEGO (id_JUEGO, ID_EQUIPO_LOCAL, ID_EQUIPO_FUERA, ID_ARBITRO, PUNTOS_EQUIPO_LOCAL, PUNTOS_EQUIPO_FUERA, FECHA_JUEGO) VALUES (26, 4, 3, 17, 89, 59, '29/11/2015');
INSERT INTO JUEGO (id_JUEGO, ID_EQUIPO_LOCAL, ID_EQUIPO_FUERA, ID_ARBITRO, PUNTOS_EQUIPO_LOCAL, PUNTOS_EQUIPO_FUERA, FECHA_JUEGO) VALUES (27, 4, 8, 19, 85, 75, '08/11/2015');
INSERT INTO JUEGO (id_JUEGO, ID_EQUIPO_LOCAL, ID_EQUIPO_FUERA, ID_ARBITRO, PUNTOS_EQUIPO_LOCAL, PUNTOS_EQUIPO_FUERA, FECHA_JUEGO) VALUES (28, 3, 7, 20, 58, 85, '11/10/2015');
INSERT INTO JUEGO (id_JUEGO, ID_EQUIPO_LOCAL, ID_EQUIPO_FUERA, ID_ARBITRO, PUNTOS_EQUIPO_LOCAL, PUNTOS_EQUIPO_FUERA, FECHA_JUEGO) VALUES (29, 3, 1, 15, 73, 81, '25/10/2015');
INSERT INTO JUEGO (id_JUEGO, ID_EQUIPO_LOCAL, ID_EQUIPO_FUERA, ID_ARBITRO, PUNTOS_EQUIPO_LOCAL, PUNTOS_EQUIPO_FUERA, FECHA_JUEGO) VALUES (30, 3, 10, 20, 75, 80, '08/11/2015');
INSERT INTO JUEGO (id_JUEGO, ID_EQUIPO_LOCAL, ID_EQUIPO_FUERA, ID_ARBITRO, PUNTOS_EQUIPO_LOCAL, PUNTOS_EQUIPO_FUERA, FECHA_JUEGO) VALUES (31, 3, 9, 24, 83, 86, '15/11/2015');
INSERT INTO JUEGO (id_JUEGO, ID_EQUIPO_LOCAL, ID_EQUIPO_FUERA, ID_ARBITRO, PUNTOS_EQUIPO_LOCAL, PUNTOS_EQUIPO_FUERA, FECHA_JUEGO) VALUES (32, 3, 12, 20, 102, 76, '27/12/2015');
INSERT INTO JUEGO (id_JUEGO, ID_EQUIPO_LOCAL, ID_EQUIPO_FUERA, ID_ARBITRO, PUNTOS_EQUIPO_LOCAL, PUNTOS_EQUIPO_FUERA, FECHA_JUEGO) VALUES (33, 11, 6, 18, 67, 57, '15/11/2015');
INSERT INTO JUEGO (id_JUEGO, ID_EQUIPO_LOCAL, ID_EQUIPO_FUERA, ID_ARBITRO, PUNTOS_EQUIPO_LOCAL, PUNTOS_EQUIPO_FUERA, FECHA_JUEGO) VALUES (39, 9, 2, 17, 94, 84, '03/01/2016');
INSERT INTO JUEGO (id_JUEGO, ID_EQUIPO_LOCAL, ID_EQUIPO_FUERA, ID_ARBITRO, PUNTOS_EQUIPO_LOCAL, PUNTOS_EQUIPO_FUERA, FECHA_JUEGO) VALUES (47, 6, 12, 14, 88, 53, '11/10/2015');
INSERT INTO JUEGO (id_JUEGO, ID_EQUIPO_LOCAL, ID_EQUIPO_FUERA, ID_ARBITRO, PUNTOS_EQUIPO_LOCAL, PUNTOS_EQUIPO_FUERA, FECHA_JUEGO) VALUES (48, 6, 3, 17, 73, 71, '22/11/2015');
INSERT INTO JUEGO (id_JUEGO, ID_EQUIPO_LOCAL, ID_EQUIPO_FUERA, ID_ARBITRO, PUNTOS_EQUIPO_LOCAL, PUNTOS_EQUIPO_FUERA, FECHA_JUEGO) VALUES (49, 6, 9, 20, 83, 79, '28/11/2015');
INSERT INTO JUEGO (id_JUEGO, ID_EQUIPO_LOCAL, ID_EQUIPO_FUERA, ID_ARBITRO, PUNTOS_EQUIPO_LOCAL, PUNTOS_EQUIPO_FUERA, FECHA_JUEGO) VALUES (50, 6, 10, 22, 63, 79, '22/12/2015');
INSERT INTO JUEGO (id_JUEGO, ID_EQUIPO_LOCAL, ID_EQUIPO_FUERA, ID_ARBITRO, PUNTOS_EQUIPO_LOCAL, PUNTOS_EQUIPO_FUERA, FECHA_JUEGO) VALUES (51, 6, 8, 23, 82, 84, '16/01/2016');
INSERT INTO JUEGO (id_JUEGO, ID_EQUIPO_LOCAL, ID_EQUIPO_FUERA, ID_ARBITRO, PUNTOS_EQUIPO_LOCAL, PUNTOS_EQUIPO_FUERA, FECHA_JUEGO) VALUES (52, 7, 6, 16, 82, 75, '18/10/2015');
INSERT INTO JUEGO (id_JUEGO, ID_EQUIPO_LOCAL, ID_EQUIPO_FUERA, ID_ARBITRO, PUNTOS_EQUIPO_LOCAL, PUNTOS_EQUIPO_FUERA, FECHA_JUEGO) VALUES (53, 7, 13, 15, 77, 67, '01/11/2015');
INSERT INTO JUEGO (id_JUEGO, ID_EQUIPO_LOCAL, ID_EQUIPO_FUERA, ID_ARBITRO, PUNTOS_EQUIPO_LOCAL, PUNTOS_EQUIPO_FUERA, FECHA_JUEGO) VALUES (54, 7, 2, 16, 90, 67, '15/11/2015');
INSERT INTO JUEGO (id_JUEGO, ID_EQUIPO_LOCAL, ID_EQUIPO_FUERA, ID_ARBITRO, PUNTOS_EQUIPO_LOCAL, PUNTOS_EQUIPO_FUERA, FECHA_JUEGO) VALUES (55, 7, 11, 19, 87, 79, '22/11/2015');
INSERT INTO JUEGO (id_JUEGO, ID_EQUIPO_LOCAL, ID_EQUIPO_FUERA, ID_ARBITRO, PUNTOS_EQUIPO_LOCAL, PUNTOS_EQUIPO_FUERA, FECHA_JUEGO) VALUES (56, 7, 8, 20, 92, 98, '06/12/2015');
INSERT INTO JUEGO (id_JUEGO, ID_EQUIPO_LOCAL, ID_EQUIPO_FUERA, ID_ARBITRO, PUNTOS_EQUIPO_LOCAL, PUNTOS_EQUIPO_FUERA, FECHA_JUEGO) VALUES (57, 7, 12, 22, 89, 73, '20/12/2015');
INSERT INTO JUEGO (id_JUEGO, ID_EQUIPO_LOCAL, ID_EQUIPO_FUERA, ID_ARBITRO, PUNTOS_EQUIPO_LOCAL, PUNTOS_EQUIPO_FUERA, FECHA_JUEGO) VALUES (58, 7, 10, 21, 86, 80, '03/01/2016');
INSERT INTO JUEGO (id_JUEGO, ID_EQUIPO_LOCAL, ID_EQUIPO_FUERA, ID_ARBITRO, PUNTOS_EQUIPO_LOCAL, PUNTOS_EQUIPO_FUERA, FECHA_JUEGO) VALUES (59, 1, 6, 14, 76, 56, '31/10/2015');
INSERT INTO JUEGO (id_JUEGO, ID_EQUIPO_LOCAL, ID_EQUIPO_FUERA, ID_ARBITRO, PUNTOS_EQUIPO_LOCAL, PUNTOS_EQUIPO_FUERA, FECHA_JUEGO) VALUES (60, 1, 7, 16, 85, 78, '08/11/2015');
INSERT INTO JUEGO (id_JUEGO, ID_EQUIPO_LOCAL, ID_EQUIPO_FUERA, ID_ARBITRO, PUNTOS_EQUIPO_LOCAL, PUNTOS_EQUIPO_FUERA, FECHA_JUEGO) VALUES (61, 1, 2, 18, 65, 54, '22/12/2015');
INSERT INTO JUEGO (id_JUEGO, ID_EQUIPO_LOCAL, ID_EQUIPO_FUERA, ID_ARBITRO, PUNTOS_EQUIPO_LOCAL, PUNTOS_EQUIPO_FUERA, FECHA_JUEGO) VALUES (62, 1, 4, 17, 81, 70, '03/01/2016');
INSERT INTO JUEGO (id_JUEGO, ID_EQUIPO_LOCAL, ID_EQUIPO_FUERA, ID_ARBITRO, PUNTOS_EQUIPO_LOCAL, PUNTOS_EQUIPO_FUERA, FECHA_JUEGO) VALUES (63, 10, 1, 23, 82, 88, '11/10/2015');
INSERT INTO JUEGO (id_JUEGO, ID_EQUIPO_LOCAL, ID_EQUIPO_FUERA, ID_ARBITRO, PUNTOS_EQUIPO_LOCAL, PUNTOS_EQUIPO_FUERA, FECHA_JUEGO) VALUES (64, 10, 8, 23, 112, 89, '25/10/2015');
INSERT INTO JUEGO (id_JUEGO, ID_EQUIPO_LOCAL, ID_EQUIPO_FUERA, ID_ARBITRO, PUNTOS_EQUIPO_LOCAL, PUNTOS_EQUIPO_FUERA, FECHA_JUEGO) VALUES (65, 10, 2, 23, 101, 80, '06/12/2015');
INSERT INTO JUEGO (id_JUEGO, ID_EQUIPO_LOCAL, ID_EQUIPO_FUERA, ID_ARBITRO, PUNTOS_EQUIPO_LOCAL, PUNTOS_EQUIPO_FUERA, FECHA_JUEGO) VALUES (66, 10, 13, 23, 85, 68, '13/12/2015');
INSERT INTO JUEGO (id_JUEGO, ID_EQUIPO_LOCAL, ID_EQUIPO_FUERA, ID_ARBITRO, PUNTOS_EQUIPO_LOCAL, PUNTOS_EQUIPO_FUERA, FECHA_JUEGO) VALUES (67, 10, 11, 23, 84, 91, '27/12/2015');
INSERT INTO JUEGO (id_JUEGO, ID_EQUIPO_LOCAL, ID_EQUIPO_FUERA, ID_ARBITRO, PUNTOS_EQUIPO_LOCAL, PUNTOS_EQUIPO_FUERA, FECHA_JUEGO) VALUES (68, 10, 12, 23, 107, 83, '10/01/2016');
INSERT INTO JUEGO (id_JUEGO, ID_EQUIPO_LOCAL, ID_EQUIPO_FUERA, ID_ARBITRO, PUNTOS_EQUIPO_LOCAL, PUNTOS_EQUIPO_FUERA, FECHA_JUEGO) VALUES (74, 9, 7, 18, 68, 89, '14/01/2016');
INSERT INTO JUEGO (id_JUEGO, ID_EQUIPO_LOCAL, ID_EQUIPO_FUERA, ID_ARBITRO, PUNTOS_EQUIPO_LOCAL, PUNTOS_EQUIPO_FUERA, FECHA_JUEGO) VALUES (75, 13, 6, 16, 88, 75, '06/12/2015');
INSERT INTO JUEGO (id_JUEGO, ID_EQUIPO_LOCAL, ID_EQUIPO_FUERA, ID_ARBITRO, PUNTOS_EQUIPO_LOCAL, PUNTOS_EQUIPO_FUERA, FECHA_JUEGO) VALUES (76, 12, 11, 26, 58, 97, '18/10/2015');
INSERT INTO JUEGO (id_JUEGO, ID_EQUIPO_LOCAL, ID_EQUIPO_FUERA, ID_ARBITRO, PUNTOS_EQUIPO_LOCAL, PUNTOS_EQUIPO_FUERA, FECHA_JUEGO) VALUES (77, 12, 4, 26, 94, 84, '15/11/2015');
INSERT INTO JUEGO (id_JUEGO, ID_EQUIPO_LOCAL, ID_EQUIPO_FUERA, ID_ARBITRO, PUNTOS_EQUIPO_LOCAL, PUNTOS_EQUIPO_FUERA, FECHA_JUEGO) VALUES (78, 12, 1, 26, 67, 81, '06/12/2015');
INSERT INTO JUEGO (id_JUEGO, ID_EQUIPO_LOCAL, ID_EQUIPO_FUERA, ID_ARBITRO, PUNTOS_EQUIPO_LOCAL, PUNTOS_EQUIPO_FUERA, FECHA_JUEGO) VALUES (79, 12, 9, 26, 106, 101, '13/12/2015');
INSERT INTO JUEGO (id_JUEGO, ID_EQUIPO_LOCAL, ID_EQUIPO_FUERA, ID_ARBITRO, PUNTOS_EQUIPO_LOCAL, PUNTOS_EQUIPO_FUERA, FECHA_JUEGO) VALUES (80, 12, 8, 26, 81, 76, '23/12/2015');
INSERT INTO JUEGO (id_JUEGO, ID_EQUIPO_LOCAL, ID_EQUIPO_FUERA, ID_ARBITRO, PUNTOS_EQUIPO_LOCAL, PUNTOS_EQUIPO_FUERA, FECHA_JUEGO) VALUES (81, 13, 4, 18, 98, 65, '22/12/2015');
INSERT INTO JUEGO (id_JUEGO, ID_EQUIPO_LOCAL, ID_EQUIPO_FUERA, ID_ARBITRO, PUNTOS_EQUIPO_LOCAL, PUNTOS_EQUIPO_FUERA, FECHA_JUEGO) VALUES (82, 8, 3, 18, 73, 75, '01/11/2015');
INSERT INTO JUEGO (id_JUEGO, ID_EQUIPO_LOCAL, ID_EQUIPO_FUERA, ID_ARBITRO, PUNTOS_EQUIPO_LOCAL, PUNTOS_EQUIPO_FUERA, FECHA_JUEGO) VALUES (83, 8, 13, 22, 65, 63, '15/11/2015');
INSERT INTO JUEGO (id_JUEGO, ID_EQUIPO_LOCAL, ID_EQUIPO_FUERA, ID_ARBITRO, PUNTOS_EQUIPO_LOCAL, PUNTOS_EQUIPO_FUERA, FECHA_JUEGO) VALUES (84, 8, 1, 20, 82, 86, '27/12/2015');
INSERT INTO JUEGO (id_JUEGO, ID_EQUIPO_LOCAL, ID_EQUIPO_FUERA, ID_ARBITRO, PUNTOS_EQUIPO_LOCAL, PUNTOS_EQUIPO_FUERA, FECHA_JUEGO) VALUES (85, 8, 11, 18, 64, 83, '10/01/2016');
INSERT INTO JUEGO (id_JUEGO, ID_EQUIPO_LOCAL, ID_EQUIPO_FUERA, ID_ARBITRO, PUNTOS_EQUIPO_LOCAL, PUNTOS_EQUIPO_FUERA, FECHA_JUEGO) VALUES (86, 13, 9, 20, 82, 67, '10/01/2016');
INSERT INTO JUEGO (id_JUEGO, ID_EQUIPO_LOCAL, ID_EQUIPO_FUERA, ID_ARBITRO, PUNTOS_EQUIPO_LOCAL, PUNTOS_EQUIPO_FUERA, FECHA_JUEGO) VALUES (87, 13, 11, 22, 81, 96, '17/01/2016');

COMMIT;