
INSERT INTO ROLES (ID_ROL, DESCRIPCION_ROL) VALUES ('ROLE_COMER','Comercial');
INSERT INTO ROLES (ID_ROL, DESCRIPCION_ROL) VALUES ('ROLE_MOZO','Mozo Almacen');
INSERT INTO ROLES (ID_ROL, DESCRIPCION_ROL) VALUES ('ROLE_PROP','Propietario');
INSERT INTO ROLES (ID_ROL, DESCRIPCION_ROL) VALUES ('ROLE_USUA','Usuario Normal');
INSERT INTO ROLES (ID_ROL, DESCRIPCION_ROL) VALUES ('ROLE_VISI','Visitante anonimo');
COMMIT;

INSERT INTO USUARIOS (ID_USUARIOS, DESCRIPCION_USUARIO, ID_ROL, EMAIL, PASSWD) VALUES ('SCROBE1', 'Roberto Sanchez Chacon', 'ROLE_PROP', 'rsanchez@efamoratalaz.com', '1234#');
INSERT INTO USUARIOS (ID_USUARIOS, DESCRIPCION_USUARIO, ID_ROL, EMAIL, PASSWD) VALUES ('SLOMAR1', 'Marta Sanchez Lopez', 'ROLE_PROP', 'mariasan@gmail.es', '4532@');
INSERT INTO USUARIOS (ID_USUARIOS, DESCRIPCION_USUARIO, ID_ROL, EMAIL, PASSWD) VALUES ('SASAMIG1', 'Miguel Sanchez Sanchez', 'ROLE_VISI', 'mgss@gmail.es', 'goku14');
INSERT INTO USUARIOS (ID_USUARIOS, DESCRIPCION_USUARIO, ID_ROL, EMAIL, PASSWD) VALUES ('SASAMA1', 'Maria Sanchez Sanchez', 'ROLE_COMER', 'mariasansan@gmail.es', 'brookTenn12.');
INSERT INTO USUARIOS (ID_USUARIOS, DESCRIPCION_USUARIO, ID_ROL, EMAIL, PASSWD) VALUES ('LARAVIV', 'Lara Vivar Garcia', 'ROLE_USUA', 'lara@gmail.es', 'croft26');
COMMIT;

INSERT INTO PROVINCIA (ID_PROVINCIA, DESCRIPCION_PROVINCIA) VALUES (1, 'Alava');
INSERT INTO PROVINCIA (ID_PROVINCIA, DESCRIPCION_PROVINCIA) VALUES (2, 'Albacete');
INSERT INTO PROVINCIA (ID_PROVINCIA, DESCRIPCION_PROVINCIA) VALUES (3, 'Alicante');
INSERT INTO PROVINCIA (ID_PROVINCIA, DESCRIPCION_PROVINCIA) VALUES (4, 'Almeria');
INSERT INTO PROVINCIA (ID_PROVINCIA, DESCRIPCION_PROVINCIA) VALUES (5, 'Ciudad Real');
COMMIT;

INSERT INTO FAMILIA (ID_FAMILIA, DESCRIPCION) VALUES (1, 'Telefonia');
INSERT INTO FAMILIA (ID_FAMILIA, DESCRIPCION) VALUES (2, 'Informatica');
INSERT INTO FAMILIA (ID_FAMILIA, DESCRIPCION) VALUES (3, 'Imagen Y Sonido');
INSERT INTO FAMILIA (ID_FAMILIA, DESCRIPCION) VALUES (4, 'Fotografia');
INSERT INTO FAMILIA (ID_FAMILIA, DESCRIPCION) VALUES (5, 'Accesorios');
COMMIT;

INSERT INTO COMERCIALES (ID_COMERCIAL, DESCRIPCION_COMERCIAL, SUELDO_BASE, COMISION) VALUES (1, 'Jose Ramon', 1500, 30);
INSERT INTO COMERCIALES (ID_COMERCIAL, DESCRIPCION_COMERCIAL, SUELDO_BASE, COMISION) VALUES (2, 'Paco Ruis', 1700, 40);
INSERT INTO COMERCIALES (ID_COMERCIAL, DESCRIPCION_COMERCIAL, SUELDO_BASE, COMISION) VALUES (3, 'Angel Luis', 1900, 20);
INSERT INTO COMERCIALES (ID_COMERCIAL, DESCRIPCION_COMERCIAL, SUELDO_BASE, COMISION) VALUES (4, 'Noelia Bellido', 2000, 10);
INSERT INTO COMERCIALES (ID_COMERCIAL, DESCRIPCION_COMERCIAL, SUELDO_BASE, COMISION) VALUES (5, 'Juan Cruz', 1100, 5);
COMMIT;

INSERT INTO LOCALIDAD (ID_LOCALIDAD, DESCRIPCION_LOCALIDAD, ID_PROVINCIA) VALUES (1, 'Puertollano', 5);
INSERT INTO LOCALIDAD (ID_LOCALIDAD, DESCRIPCION_LOCALIDAD, ID_PROVINCIA) VALUES (2, 'Ciudad Real', 5);
INSERT INTO LOCALIDAD (ID_LOCALIDAD, DESCRIPCION_LOCALIDAD, ID_PROVINCIA) VALUES (3, 'Manzanares', 5);
INSERT INTO LOCALIDAD (ID_LOCALIDAD, DESCRIPCION_LOCALIDAD, ID_PROVINCIA) VALUES (4, 'Munera', 2);
INSERT INTO LOCALIDAD (ID_LOCALIDAD, DESCRIPCION_LOCALIDAD, ID_PROVINCIA) VALUES (5, 'Ibarra', 1);
COMMIT;

INSERT INTO DIRECCION_POSTAL (ID_DIRECCION, CALLE, NUMERO, PISO, LETRA, CP, ID_LOCALIDAD, ID_PROVINCIA, ESCALERA) VALUES (1, 'Paz', 20, 1, 'A', 13003, 2, 5, ' ');
INSERT INTO DIRECCION_POSTAL (ID_DIRECCION, CALLE, NUMERO, PISO, LETRA, CP, ID_LOCALIDAD, ID_PROVINCIA, ESCALERA) VALUES (2, 'Felipe II', 12, 2, 'C', 13001, 2, 5, ' ');
INSERT INTO DIRECCION_POSTAL (ID_DIRECCION, CALLE, NUMERO, PISO, LETRA, CP, ID_LOCALIDAD, ID_PROVINCIA, ESCALERA) VALUES (3, 'Paseo De San Gregorio', 54, 1, 'A', 13000, 1, 5, ' ');
INSERT INTO DIRECCION_POSTAL (ID_DIRECCION, CALLE, NUMERO, PISO, LETRA, CP, ID_LOCALIDAD, ID_PROVINCIA, ESCALERA) VALUES (4, 'Amergura', 30, 4, 'D', 13000, 1, 5, ' ');
INSERT INTO DIRECCION_POSTAL (ID_DIRECCION, CALLE, NUMERO, PISO, LETRA, CP, ID_LOCALIDAD, ID_PROVINCIA, ESCALERA) VALUES (5, 'Paloma', 14, 1, 'E', 13003, 2, 5, ' ');
COMMIT;

INSERT INTO TIPO (ID_TIPO, DESCRIPCION_TIPO, ID_FAMILIA) VALUES (1, 'Moviles y Smartphones', 1);
INSERT INTO TIPO (ID_TIPO, DESCRIPCION_TIPO, ID_FAMILIA) VALUES (2, 'Smarwatches', 1);
INSERT INTO TIPO (ID_TIPO, DESCRIPCION_TIPO, ID_FAMILIA) VALUES (3, 'Ordenadores', 2);
INSERT INTO TIPO (ID_TIPO, DESCRIPCION_TIPO, ID_FAMILIA) VALUES (4, 'Gaming', 2);
INSERT INTO TIPO (ID_TIPO, DESCRIPCION_TIPO, ID_FAMILIA) VALUES (5, 'Impresoras', 2);
COMMIT;

INSERT INTO CLIENTES (ID_DNI, NOMBRE, APELLIDO1, APELLIDO2, FECHA_NACIMIENTO, ESTADO_CIVIL, EDAD, ID_DIRECCION) VALUES ('1111A', 'Marta', 'Sanchez', 'Lopez', '20-10-2001', 'S', 22, 2);
INSERT INTO CLIENTES (ID_DNI, NOMBRE, APELLIDO1, APELLIDO2, FECHA_NACIMIENTO, ESTADO_CIVIL, EDAD, ID_DIRECCION) VALUES ('2222B', 'Roberto', 'Sanchez', 'Chacon', '03-05-1986', 'S', 37, 3);
INSERT INTO CLIENTES (ID_DNI, NOMBRE, APELLIDO1, APELLIDO2, FECHA_NACIMIENTO, ESTADO_CIVIL, EDAD, ID_DIRECCION) VALUES ('3333C', 'Miguel', 'Sanchez', 'Sanchez', '01-01-2010', 'S', 14, 1);
INSERT INTO CLIENTES (ID_DNI, NOMBRE, APELLIDO1, APELLIDO2, FECHA_NACIMIENTO, ESTADO_CIVIL, EDAD, ID_DIRECCION) VALUES ('4444D', 'Juan Enrique', 'Hernansanz', 'Camacho', '05-05-1986', 'C', 37, 4);
INSERT INTO CLIENTES (ID_DNI, NOMBRE, APELLIDO1, APELLIDO2, FECHA_NACIMIENTO, ESTADO_CIVIL, EDAD, ID_DIRECCION) VALUES ('5555E', 'Fran', 'Chacon', 'Palomares', '11-09-1995', 'V', 28, 5);
COMMIT;

INSERT INTO PRODUCTOS (ID_PRODUCTO, DESCRIPCION_PRODUCTO, ID_TIPO, PRECIO, PAGO_PLAZOS) VALUES (1, 'Google Home mimi', 3, 60, 'N');
INSERT INTO PRODUCTOS (ID_PRODUCTO, DESCRIPCION_PRODUCTO, ID_TIPO, PRECIO, PAGO_PLAZOS) VALUES (2, 'Ordenador MSI', 3, 1500.76, 'S');
INSERT INTO PRODUCTOS (ID_PRODUCTO, DESCRIPCION_PRODUCTO, ID_TIPO, PRECIO, PAGO_PLAZOS) VALUES (3, 'Xiaomi MI 12', 3, 853.7, 'S');
INSERT INTO PRODUCTOS (ID_PRODUCTO, DESCRIPCION_PRODUCTO, ID_TIPO, PRECIO, PAGO_PLAZOS) VALUES (4, 'Hp Deskject', 3, 50.99, 'N');
INSERT INTO PRODUCTOS (ID_PRODUCTO, DESCRIPCION_PRODUCTO, ID_TIPO, PRECIO, PAGO_PLAZOS) VALUES (5, 'Iphone 13', 3, 2000.60, 'S');
COMMIT;

INSERT INTO ALMACEN (ID_ALMACEN, ID_PRODUCTO, CANTIDAD) VALUES (1, 1, 10);
INSERT INTO ALMACEN (ID_ALMACEN, ID_PRODUCTO, CANTIDAD) VALUES (2, 3, 40);
INSERT INTO ALMACEN (ID_ALMACEN, ID_PRODUCTO, CANTIDAD) VALUES (3, 4, 100);
INSERT INTO ALMACEN (ID_ALMACEN, ID_PRODUCTO, CANTIDAD) VALUES (4, 5, 69);
INSERT INTO ALMACEN (ID_ALMACEN, ID_PRODUCTO, CANTIDAD) VALUES (5, 2, 6);
COMMIT;

INSERT INTO VENTAS (ID_VENTAS, ID_PRODUCTO, ID_DNI, FEC_VENTA, CANTIDAD) VALUES (1, 1, '1111A', '02-10-2023', 1);
INSERT INTO VENTAS (ID_VENTAS, ID_PRODUCTO, ID_DNI, FEC_VENTA, CANTIDAD) VALUES (2, 1, '2222B', '21-11-2023', 3);
INSERT INTO VENTAS (ID_VENTAS, ID_PRODUCTO, ID_DNI, FEC_VENTA, CANTIDAD) VALUES (3, 2, '1111A', '01-05-2023', 2);
INSERT INTO VENTAS (ID_VENTAS, ID_PRODUCTO, ID_DNI, FEC_VENTA, CANTIDAD) VALUES (4, 3, '3333C', '10-02-2023', 10);
INSERT INTO VENTAS (ID_VENTAS, ID_PRODUCTO, ID_DNI, FEC_VENTA, CANTIDAD) VALUES (5, 4, '5555E', '07-08-2023', 4);
COMMIT;